{
  "id": "",
  "name": "",
  "font_family": "iconfont",
  "css_prefix_text": "icon-",
  "description": "",
  "glyphs": [
    {
      "icon_id": "7605",
      "name": "闹钟",
      "font_class": "naozhong",
      "unicode": "f0002",
      "unicode_decimal": 983042
    },
    {
      "icon_id": "1166460",
      "name": "购物车 ",
      "font_class": "gouwuche2",
      "unicode": "e62d",
      "unicode_decimal": 58925
    },
    {
      "icon_id": "1265484",
      "name": "加号",
      "font_class": "jiahao",
      "unicode": "e604",
      "unicode_decimal": 58884
    },
    {
      "icon_id": "1975329",
      "name": "订单",
      "font_class": "dingdan",
      "unicode": "e608",
      "unicode_decimal": 58888
    },
    {
      "icon_id": "12184900",
      "name": "日历",
      "font_class": "rili",
      "unicode": "e68b",
      "unicode_decimal": 59019
    },
    {
      "icon_id": "13504231",
      "name": "礼券",
      "font_class": "liquan",
      "unicode": "e60b",
      "unicode_decimal": 58891
    },
    {
      "icon_id": "18309270",
      "name": "设 置",
      "font_class": "shezhi",
      "unicode": "e60c",
      "unicode_decimal": 58892
    },
    {
      "icon_id": "18658022",
      "name": "耳机",
      "font_class": "hanhan-01-01",
      "unicode": "e68c",
      "unicode_decimal": 59020
    }
  ]
}
