{
  "id": "",
  "name": "",
  "font_family": "iconfont",
  "css_prefix_text": "icon-",
  "description": "",
  "glyphs": [
    {
      "icon_id": "778735",
      "name": "礼物",
      "font_class": "liwu",
      "unicode": "e65b",
      "unicode_decimal": 58971
    },
    {
      "icon_id": "1713578",
      "name": "王冠",
      "font_class": "wangguan",
      "unicode": "e63d",
      "unicode_decimal": 58941
    },
    {
      "icon_id": "6997493",
      "name": "我 的",
      "font_class": "wodedangxuan",
      "unicode": "e608",
      "unicode_decimal": 58888
    },
    {
      "icon_id": "16385555",
      "name": "分类",
      "font_class": "biaoqianA01_fenlei-57",
      "unicode": "eaaf",
      "unicode_decimal": 60079
    },
    {
      "icon_id": "18310558",
      "name": "首页 选中",
      "font_class": "shouyexuanzhong",
      "unicode": "e61f",
      "unicode_decimal": 58911
    }
  ]
}
